{
  "project_info": {
    "project_number": "249339055625",
    "firebase_url": "https://workoutapp-38734.firebaseio.com",
    "project_id": "workoutapp-38734",
    "storage_bucket": "workoutapp-38734.appspot.com"
  },
  "client": [
    {
      "client_info": {
        "mobilesdk_app_id": "1:249339055625:android:75c43df1e0a4fad234b2d8",
        "android_client_info": {
          "package_name": "com.example.nathaniels.workoutappv01"
        }
      },
      "oauth_client": [
        {
          "client_id": "249339055625-40leu5j60jdkhppp3fv041073kh38nlv.apps.googleusercontent.com",
          "client_type": 3
        }
      ],
      "api_key": [
        {
          "current_key": "AIzaSyACsqDK9aGmXkLkLAJP_1uqyPGecj5VPZ8"
        }
      ],
      "services": {
        "appinvite_service": {
          "other_platform_oauth_client": [
            {
              "client_id": "249339055625-40leu5j60jdkhppp3fv041073kh38nlv.apps.googleusercontent.com",
              "client_type": 3
            }
          ]
        }
      }
    }
  ],
  "configuration_version": "1"
}